well_id,cycle,steam_t,inj_p_bar,soak_d,stroke_m,spm_max,cycle_days,cum_oil_bbl,cum_kwh,float_days,rod_failure,failure_day
BGW-01,1,550.0,96.0,4.0,1.9,4.0,104,1644.4,19589,18,0,
BGW-01,2,600.0,110.0,4.0,2.2,3.2,126,2029.1,27271,35,0,
BGW-01,3,770.0,92.0,3.0,2.2,3.2,124,2037.6,22650,23,0,
BGW-01,4,1080.0,107.0,7.0,2.5,4.1,110,1623.8,19745,11,0,
BGW-01,5,780.0,105.0,5.0,2.5,2.7,97,1406.8,10421,0,0,
BGW-01,6,770.0,112.0,3.0,1.9,4.4,82,1082.0,8694,0,0,
BGW-01,7,920.0,104.0,6.0,1.9,2.6,105,1474.5,8042,0,0,
BGW-01,8,580.0,104.0,6.0,2.5,4.3,87,1222.3,17363,11,1,76
BGW-01,9,960.0,123.0,7.0,2.5,3.1,97,1303.4,9909,0,1,88
BGW-02,1,670.0,98.0,3.0,1.9,3.5,139,2147.8,16391,0,0,
BGW-02,2,680.0,103.0,5.0,1.9,2.7,132,1922.3,10291,0,0,
BGW-02,3,780.0,107.0,4.0,2.5,3.1,140,2153.9,17823,0,0,
BGW-02,4,1080.0,87.0,7.0,2.5,2.8,148,2004.1,12787,0,0,
BGW-02,5,990.0,97.0,6.0,2.2,4.2,142,1971.0,17582,0,0,
BGW-02,6,760.0,97.0,7.0,2.5,3.0,123,1574.2,10608,0,0,
BGW-02,7,820.0,103.0,5.0,2.5,4.2,113,1355.0,11392,0,1,70
BGW-02,8,710.0,112.0,7.0,2.5,3.3,108,1250.4,8319,0,0,
BGW-02,9,760.0,114.0,4.0,1.9,2.7,103,1171.1,5407,0,0,
BGW-03,1,1070.0,95.0,7.0,2.5,3.1,150,3473.4,20901,93,1,147
BGW-03,2,930.0,93.0,5.0,2.5,4.4,150,3383.0,39759,119,1,121
BGW-03,3,610.0,87.0,4.0,2.5,3.2,150,3294.2,34237,125,0,
BGW-03,4,810.0,89.0,6.0,2.5,3.2,150,2904.2,26418,77,1,130
BGW-03,5,710.0,88.0,6.0,2.2,2.7,150,2585.7,19062,27,1,144
BGW-03,6,740.0,102.0,6.0,2.5,2.5,150,2584.8,20417,25,1,140
BGW-04,1,680.0,118.0,3.0,1.9,4.2,150,3070.3,46640,149,1,91
BGW-04,2,1140.0,100.0,5.0,1.9,2.7,150,2376.3,17206,75,0,
BGW-04,3,840.0,124.0,3.0,1.9,3.2,150,2536.9,27185,124,0,
BGW-04,4,630.0,120.0,5.0,2.5,3.5,107,1685.7,22570,20,1,87
BGW-04,5,1070.0,112.0,6.0,2.5,2.9,140,2360.2,24340,22,0,
BGW-04,6,890.0,115.0,5.0,1.9,3.3,126,2049.0,17182,7,0,
BGW-04,7,930.0,103.0,3.0,1.9,4.1,123,2049.5,21924,18,0,
BGW-04,8,890.0,110.0,3.0,1.9,2.7,106,1568.0,9045,0,0,
BGW-05,1,600.0,100.0,6.0,2.2,3.3,121,1922.5,21480,21,0,
BGW-05,2,750.0,89.0,3.0,2.2,3.1,131,2133.9,21849,20,1,111
BGW-05,3,1060.0,106.0,6.0,2.2,3.5,137,2185.3,22143,16,0,
BGW-05,4,1130.0,86.0,4.0,2.5,3.1,137,2095.5,20387,12,1,125
BGW-05,5,950.0,85.0,3.0,2.5,2.8,128,1958.1,17221,7,1,121
BGW-05,6,570.0,106.0,7.0,1.9,3.2,94,1218.5,8133,0,0,
BGW-05,7,700.0,103.0,6.0,2.2,4.1,93,1148.5,10433,0,0,
BGW-05,8,1020.0,112.0,6.0,2.2,3.2,118,1672.6,12567,0,0,
BGW-05,9,1120.0,99.0,6.0,1.9,3.2,109,1313.6,7445,0,0,
BGW-06,1,770.0,86.0,3.0,1.9,3.9,150,2760.6,37939,139,1,101
BGW-06,2,950.0,96.0,4.0,2.5,2.9,150,2728.8,32531,73,0,
BGW-06,3,580.0,99.0,4.0,2.2,4.2,120,1980.4,37113,38,0,
BGW-06,4,600.0,124.0,4.0,1.9,3.0,115,1806.3,15978,11,0,
BGW-06,5,840.0,118.0,5.0,2.5,2.8,121,1980.2,19105,15,0,
BGW-06,6,750.0,105.0,4.0,1.9,2.7,121,1816.3,13584,0,0,
BGW-07,1,930.0,95.0,7.0,2.5,3.7,150,2719.7,59066,151,1,89
BGW-07,2,760.0,93.0,5.0,2.5,3.1,150,2708.3,49136,153,1,87
BGW-07,3,970.0,111.0,5.0,1.9,3.2,150,2384.4,30112,48,1,104
BGW-07,4,600.0,111.0,7.0,2.5,4.2,98,1494.8,31015,27,0,
BGW-07,5,980.0,112.0,4.0,2.5,3.4,133,2282.6,39474,44,1,89
BGW-07,6,770.0,102.0,3.0,1.9,3.6,127,2078.4,28699,39,1,88
BGW-07,7,960.0,119.0,5.0,2.5,3.1,140,2373.1,38485,48,1,92
BGW-08,1,1070.0,117.0,5.0,2.5,2.6,150,2933.7,20822,93,1,147
BGW-08,2,880.0,105.0,3.0,2.5,4.0,150,3361.5,46959,134,1,106
BGW-08,3,750.0,88.0,4.0,2.5,2.8,150,2840.4,27477,116,1,124
BGW-08,4,1140.0,109.0,6.0,2.5,3.7,150,3420.6,32518,115,1,125
BGW-08,5,1020.0,104.0,6.0,2.2,3.0,150,2857.4,21173,95,1,145
BGW-08,6,880.0,123.0,7.0,1.9,3.3,150,2702.4,21581,99,1,141
BGW-08,7,820.0,107.0,5.0,2.5,4.5,150,2694.5,56751,69,1,101
BGW-08,8,960.0,109.0,5.0,1.9,3.6,150,2915.0,23629,104,1,136
BGW-08,9,920.0,91.0,4.0,1.9,3.0,145,2323.3,16699,0,0,
